<?xml version="1.0" encoding="utf-8"?>
<LinearLayout xmlns:android="http://schemas.android.com/apk/res/android" xmlns:app="http://schemas.android.com/apk/res-auto" xmlns:aapt="http://schemas.android.com/aapt" android:orientation="vertical" android:background="@color/gris" android:layout_width="match_parent" android:layout_height="match_parent">
    <androidx.appcompat.widget.Toolbar android:layout_gravity="top" android:id="@+id/toolbar" android:background="@color/colorPrimary" android:layout_width="match_parent" android:layout_height="?attr/actionBarSize" app:popupTheme="@style/AppTheme.PopupOverlay"/>
    <TextView android:textColor="@color/grisLight" android:paddingLeft="10dp" android:layout_width="match_parent" android:layout_height="wrap_content" android:text="Reproducción"/>
    <androidx.cardview.widget.CardView android:layout_width="match_parent" android:layout_height="wrap_content" app:cardBackgroundColor="@color/gris" app:cardCornerRadius="@dimen/cardview_default_radius" app:cardElevation="0dp" app:cardPreventCornerOverlap="true" app:cardUseCompatPadding="true">
        <RelativeLayout android:layout_gravity="center_vertical" android:orientation="horizontal" android:id="@+id/rl_predeterminado" android:focusable="true" android:clickable="true" android:layout_width="match_parent" android:layout_height="wrap_content" android:foreground="?attr/selectableItemBackground">
            <TextView android:textColor="@android:color/white" android:ellipsize="end" android:padding="10dp" android:layout_width="267dp" android:layout_height="wrap_content" android:text="@string/default_player" android:maxLines="1"/>
            <androidx.appcompat.widget.SwitchCompat android:theme="@style/SwitchTheme" android:gravity="center" android:id="@+id/switch_player" android:layout_width="53dp" android:layout_height="40dp" android:layout_alignParentTop="true" android:layout_alignParentRight="true"/>
        </RelativeLayout>
    </androidx.cardview.widget.CardView>
    <TextView android:textColor="@color/grisLight" android:paddingLeft="10dp" android:layout_width="match_parent" android:layout_height="wrap_content" android:text="Descargas"/>
    <androidx.cardview.widget.CardView android:layout_width="match_parent" android:layout_height="wrap_content" app:cardBackgroundColor="@color/gris" app:cardCornerRadius="@dimen/cardview_default_radius" app:cardElevation="0dp" app:cardPreventCornerOverlap="true" app:cardUseCompatPadding="true">
        <LinearLayout android:layout_gravity="center_vertical" android:orientation="vertical" android:id="@+id/ll_descargas" android:focusable="true" android:clickable="true" android:layout_width="match_parent" android:layout_height="wrap_content" android:foreground="?attr/selectableItemBackground">
            <TextView android:textSize="14sp" android:textColor="@android:color/white" android:ellipsize="end" android:paddingLeft="10dp" android:paddingTop="10dp" android:layout_width="match_parent" android:layout_height="wrap_content" android:text="@string/default_volum" android:maxLines="1"/>
            <TextView android:textSize="12sp" android:textColor="@color/grisLight" android:ellipsize="end" android:id="@+id/tv_ruta" android:paddingLeft="10dp" android:paddingBottom="10dp" android:layout_width="match_parent" android:layout_height="wrap_content" android:maxLines="1"/>
        </LinearLayout>
    </androidx.cardview.widget.CardView>
    <TextView android:textColor="@color/grisLight" android:paddingLeft="10dp" android:layout_width="match_parent" android:layout_height="wrap_content" android:text="General"/>
    <androidx.cardview.widget.CardView android:layout_width="match_parent" android:layout_height="wrap_content" app:cardBackgroundColor="@color/gris" app:cardCornerRadius="@dimen/cardview_default_radius" app:cardElevation="0dp" app:cardPreventCornerOverlap="true" app:cardUseCompatPadding="true">
        <LinearLayout android:orientation="vertical" android:layout_width="match_parent" android:layout_height="wrap_content">
            <RelativeLayout android:id="@+id/rl_update" android:focusable="true" android:clickable="true" android:layout_width="match_parent" android:layout_height="wrap_content" android:foreground="?attr/selectableItemBackground">
                <ProgressBar android:id="@+id/progressBar" android:layout_width="match_parent" android:layout_height="wrap_content" android:progress="0" android:progressDrawable="@drawable/borderless_progressbar" android:layout_alignTop="@+id/tv_update" android:layout_alignBottom="@+id/tv_update" style="@style/Widget.AppCompat.ProgressBar.Horizontal"/>
                <TextView android:textColor="@android:color/white" android:id="@+id/tv_update" android:padding="10dp" android:layout_width="match_parent" android:layout_height="wrap_content" android:text="Buscar actualizaciones"/>
            </RelativeLayout>
            <RelativeLayout android:layout_gravity="center_vertical" android:orientation="horizontal" android:id="@+id/rl_tv" android:focusable="true" android:clickable="true" android:layout_width="match_parent" android:layout_height="wrap_content" android:foreground="?attr/selectableItemBackground">
                <TextView android:textColor="@android:color/white" android:ellipsize="end" android:padding="10dp" android:layout_width="267dp" android:layout_height="wrap_content" android:text="@string/default_tv" android:maxLines="1"/>
                <androidx.appcompat.widget.SwitchCompat android:theme="@style/SwitchTheme" android:gravity="center" android:id="@+id/switch_tv" android:layout_width="53dp" android:layout_height="40dp" android:layout_alignParentTop="true" android:layout_alignParentRight="true"/>
            </RelativeLayout>
        </LinearLayout>
    </androidx.cardview.widget.CardView>
    <TextView android:textColor="@color/grisLight" android:layout_gravity="center" android:id="@+id/tv_version" android:padding="10dp" android:layout_width="wrap_content" android:layout_height="wrap_content"/>
</LinearLayout>
