<?xml version="1.0" encoding="utf-8"?>
<LinearLayout xmlns:android="http://schemas.android.com/apk/res/android" xmlns:app="http://schemas.android.com/apk/res-auto" xmlns:aapt="http://schemas.android.com/aapt" android:layout_gravity="bottom" android:orientation="vertical" android:background="@drawable/bg_gradient" android:paddingLeft="16dp" android:paddingTop="48dp" android:paddingRight="16dp" android:paddingBottom="32dp" android:layout_width="match_parent" android:layout_height="wrap_content" app:layout_collapseMode="1">
    <TextView android:textSize="36sp" android:textStyle="bold" android:textColor="@android:color/white" android:gravity="center" android:id="@+id/tvt_m" android:layout_width="match_parent" android:layout_height="wrap_content" android:maxLines="2" android:textAllCaps="true"/>
    <TextView android:textSize="13sp" android:textStyle="bold" android:textColor="@android:color/white" android:gravity="center" android:id="@+id/tva_m" android:paddingBottom="10dp" android:layout_width="match_parent" android:layout_height="wrap_content" android:textAllCaps="true"/>
    <RelativeLayout android:gravity="center" android:id="@+id/rl_header" android:visibility="gone" android:layout_width="match_parent" android:layout_height="wrap_content">
        <FrameLayout android:layout_gravity="center_horizontal" android:id="@+id/share_m" android:focusable="true" android:clickable="true" android:layout_width="wrap_content" android:layout_height="wrap_content" android:layout_marginRight="30dp" android:foreground="?attr/selectableItemBackground" android:layout_toLeftOf="@+id/inf_button" android:layout_centerVertical="true" android:layout_marginEnd="30dp" android:layout_toStartOf="@+id/inf_button">
            <ImageView android:padding="10dp" android:layout_width="wrap_content" android:layout_height="wrap_content" app:srcCompat="@drawable/ic_baseline_share_24"/>
        </FrameLayout>
        <androidx.appcompat.widget.AppCompatButton android:textColor="@android:color/black" android:id="@+id/inf_button" android:layout_width="wrap_content" android:layout_height="wrap_content" android:text="Información" android:drawableLeft="@drawable/ic_info_wrapper" android:layout_centerHorizontal="true" android:drawableStart="@drawable/ic_info_wrapper" app:backgroundTint="@android:color/background_light"/>
        <FrameLayout android:layout_gravity="center_horizontal" android:id="@+id/like_m" android:focusable="true" android:clickable="true" android:layout_width="wrap_content" android:layout_height="wrap_content" android:layout_marginLeft="30dp" android:foreground="?attr/selectableItemBackground" android:layout_toRightOf="@+id/inf_button" android:layout_centerVertical="true" android:layout_marginStart="30dp" android:layout_toEndOf="@+id/inf_button">
            <ImageView android:id="@+id/iv_f_m" android:padding="10dp" android:layout_width="wrap_content" android:layout_height="wrap_content" app:srcCompat="@drawable/ic_baseline_favorite_24"/>
        </FrameLayout>
    </RelativeLayout>
</LinearLayout>
