<?xml version="1.0" encoding="utf-8"?>
<androidx.coordinatorlayout.widget.CoordinatorLayout xmlns:android="http://schemas.android.com/apk/res/android" xmlns:app="http://schemas.android.com/apk/res-auto" xmlns:aapt="http://schemas.android.com/aapt" android:fitsSystemWindows="true" android:layout_width="match_parent" android:layout_height="match_parent">
    <LinearLayout android:orientation="vertical" android:layout_width="match_parent" android:layout_height="match_parent">
        <FrameLayout android:layout_width="match_parent" android:layout_height="?attr/actionBarSize">
            <androidx.appcompat.widget.Toolbar android:layout_gravity="top" android:id="@+id/tb_search" android:background="@color/transparent" android:visibility="gone" android:layout_width="match_parent" android:layout_height="?attr/actionBarSize" app:popupTheme="@style/AppTheme.PopupOverlay">
                <ImageView android:layout_width="50dp" android:layout_height="match_parent" android:src="@drawable/logo"/>
                <TextView android:textSize="20sp" android:textColor="@android:color/white" android:gravity="center_vertical" android:paddingLeft="10dp" android:layout_width="wrap_content" android:layout_height="match_parent" android:text="Busqueda" android:layout_toLeftOf="@+id/iv_search" android:layout_alignParentLeft="true" android:layout_toStartOf="@+id/iv_search" android:layout_alignParentStart="true"/>
                <FrameLayout android:layout_gravity="right" android:id="@+id/iv_search" android:paddingRight="15dp" android:focusable="true" android:clickable="true" android:layout_width="wrap_content" android:layout_height="match_parent" android:foreground="?attr/selectableItemBackground" android:paddingEnd="15dp">
                    <ImageView android:layout_width="wrap_content" android:layout_height="match_parent" app:srcCompat="@drawable/ic_search_black_24dp"/>
                </FrameLayout>
            </androidx.appcompat.widget.Toolbar>
            <com.miguelcatalan.materialsearchview.MaterialSearchView android:id="@+id/search_view" android:layout_width="match_parent" android:layout_height="match_parent" style="@style/MaterialSearchViewStyle"/>
        </FrameLayout>
        <RelativeLayout android:layout_width="match_parent" android:layout_height="match_parent">
            <androidx.recyclerview.widget.RecyclerView android:id="@+id/rv_search" android:layout_width="match_parent" android:layout_height="match_parent"/>
            <TextView android:textStyle="bold" android:textColor="@color/grisLight" android:gravity="center" android:id="@+id/tv_search" android:paddingTop="10dp" android:layout_width="match_parent" android:layout_height="wrap_content" android:text="Prueba a buscar películas o series"/>
            <TextView android:textStyle="bold" android:textColor="@color/grisLight" android:gravity="center" android:id="@+id/tv_negativ" android:paddingTop="30dp" android:visibility="gone" android:layout_width="match_parent" android:layout_height="wrap_content" android:text="No se encontrarón resultados\10\10❌"/>
            <ProgressBar android:id="@+id/pb_search" android:visibility="gone" android:layout_width="wrap_content" android:layout_height="wrap_content" android:layout_centerInParent="true"/>
        </RelativeLayout>
    </LinearLayout>
</androidx.coordinatorlayout.widget.CoordinatorLayout>
