<?xml version="1.0" encoding="utf-8"?>
<ScrollView xmlns:android="http://schemas.android.com/apk/res/android" xmlns:app="http://schemas.android.com/apk/res-auto" xmlns:aapt="http://schemas.android.com/aapt" android:orientation="vertical" android:layout_width="wrap_content" android:layout_height="wrap_content">
    <LinearLayout android:orientation="vertical" android:layout_width="wrap_content" android:layout_height="wrap_content">
        <TextView android:id="@+id/tv_steps" android:padding="10dp" android:layout_width="match_parent" android:layout_height="wrap_content"/>
        <ImageView android:id="@+id/iv_steps" android:layout_width="match_parent" android:layout_height="wrap_content" android:src="@drawable/steps"/>
        <LinearLayout android:orientation="horizontal" android:layout_width="match_parent" android:layout_height="wrap_content">
            <Button android:textColor="@color/blue" android:id="@+id/btn_cancelar" android:layout_width="match_parent" android:layout_height="wrap_content" android:text="Cancelar" android:layout_weight="1" android:backgroundTint="@android:color/white"/>
            <Button android:textColor="@color/blue" android:id="@+id/btn_aceptar" android:layout_width="match_parent" android:layout_height="wrap_content" android:text="Aceptar" android:layout_weight="1" android:backgroundTint="@android:color/white"/>
        </LinearLayout>
    </LinearLayout>
</ScrollView>
