<?xml version="1.0" encoding="utf-8"?>
<LinearLayout xmlns:android="http://schemas.android.com/apk/res/android" xmlns:app="http://schemas.android.com/apk/res-auto" xmlns:aapt="http://schemas.android.com/aapt" android:orientation="horizontal" android:layout_width="match_parent" android:layout_height="match_parent">
    <LinearLayout android:gravity="center" android:orientation="vertical" android:layout_width="wrap_content" android:layout_height="match_parent">
        <FrameLayout android:id="@+id/home_tab" android:background="@color/grisHard" android:focusable="true" android:clickable="true" android:layout_width="wrap_content" android:layout_height="wrap_content" android:foreground="?attr/selectableItemBackground" android:onClick="tabHandler">
            <ImageView android:background="@drawable/ic_baseline_home_24" android:layout_width="wrap_content" android:layout_height="wrap_content" android:layout_margin="10dp"/>
        </FrameLayout>
        <FrameLayout android:id="@+id/search_tab" android:focusable="true" android:clickable="true" android:layout_width="wrap_content" android:layout_height="wrap_content" android:foreground="?attr/selectableItemBackground" android:onClick="tabHandler">
            <ImageView android:background="@drawable/ic_search_black_24dp" android:layout_width="wrap_content" android:layout_height="wrap_content" android:layout_margin="10dp"/>
        </FrameLayout>
        <FrameLayout android:id="@+id/favorites_tab" android:focusable="true" android:clickable="true" android:layout_width="wrap_content" android:layout_height="wrap_content" android:foreground="?attr/selectableItemBackground" android:onClick="tabHandler">
            <ImageView android:background="@drawable/ic_baseline_favorite_24" android:layout_width="wrap_content" android:layout_height="wrap_content" android:layout_margin="10dp"/>
        </FrameLayout>
        <FrameLayout android:id="@+id/more_tab" android:focusable="true" android:clickable="true" android:layout_width="wrap_content" android:layout_height="wrap_content" android:foreground="?attr/selectableItemBackground" android:onClick="tabHandler">
            <ImageView android:background="@drawable/ic_baseline_menu_24" android:layout_width="wrap_content" android:layout_height="wrap_content" android:layout_margin="10dp"/>
        </FrameLayout>
    </LinearLayout>
    <View android:background="@color/gris" android:layout_width="1dp" android:layout_height="match_parent" android:layout_marginRight="5dp" android:layout_marginEnd="5dp"/>
    <FrameLayout android:id="@+id/fl_main" android:layout_width="match_parent" android:layout_height="match_parent"/>
</LinearLayout>
