<?xml version="1.0" encoding="utf-8"?>
<androidx.coordinatorlayout.widget.CoordinatorLayout xmlns:android="http://schemas.android.com/apk/res/android" xmlns:app="http://schemas.android.com/apk/res-auto" xmlns:aapt="http://schemas.android.com/aapt" android:background="@color/colorPrimary" android:fitsSystemWindows="true" android:layout_width="match_parent" android:layout_height="match_parent">
    <LinearLayout android:orientation="vertical" android:layout_width="match_parent" android:layout_height="match_parent">
        <androidx.appcompat.widget.Toolbar android:layout_width="match_parent" android:layout_height="?attr/actionBarSize">
            <ImageView android:layout_width="50dp" android:layout_height="match_parent" android:src="@drawable/logo"/>
            <com.google.android.material.tabs.TabLayout android:id="@+id/tl_search" android:layout_width="match_parent" android:layout_height="match_parent">
                <com.google.android.material.tabs.TabItem android:layout_width="match_parent" android:layout_height="match_parent" android:text="Películas"/>
                <com.google.android.material.tabs.TabItem android:layout_width="match_parent" android:layout_height="match_parent" android:text="Series"/>
            </com.google.android.material.tabs.TabLayout>
        </androidx.appcompat.widget.Toolbar>
        <RelativeLayout android:layout_width="match_parent" android:layout_height="match_parent">
            <androidx.recyclerview.widget.RecyclerView android:id="@+id/rv_favorites" android:layout_width="match_parent" android:layout_height="match_parent"/>
            <LinearLayout android:gravity="center" android:orientation="vertical" android:id="@+id/alert" android:visibility="gone" android:layout_width="match_parent" android:layout_height="match_parent">
                <TextView android:textSize="20sp" android:textStyle="bold" android:textColor="@android:color/white" android:gravity="center" android:padding="20dp" android:layout_width="match_parent" android:layout_height="wrap_content" android:text="No has agregado contenido a tu lista de favoritos."/>
                <ImageView android:layout_width="?attr/actionBarSize" android:layout_height="?attr/actionBarSize" app:srcCompat="@drawable/ic_baseline_favorite_24"/>
            </LinearLayout>
        </RelativeLayout>
    </LinearLayout>
</androidx.coordinatorlayout.widget.CoordinatorLayout>
