<?xml version="1.0" encoding="utf-8"?>
<LinearLayout xmlns:android="http://schemas.android.com/apk/res/android" xmlns:app="http://schemas.android.com/apk/res-auto" xmlns:aapt="http://schemas.android.com/aapt" android:orientation="vertical" android:background="#000000" android:layout_width="match_parent" android:layout_height="match_parent">
    <androidx.appcompat.widget.Toolbar android:id="@+id/toolbar" android:background="#000000" android:layout_width="match_parent" android:layout_height="?attr/actionBarSize" app:titleTextColor="@android:color/white">
        <LinearLayout android:orientation="horizontal" android:layout_width="match_parent" android:layout_height="match_parent">
            <ImageView android:layout_width="50dp" android:layout_height="match_parent" android:src="@drawable/logo" android:scaleType="fitStart"/>
            <TextView android:textSize="20sp" android:textColor="@android:color/white" android:gravity="center_vertical" android:paddingLeft="10dp" android:layout_width="wrap_content" android:layout_height="match_parent" android:text="Descargas" android:layout_toLeftOf="@+id/iv_search" android:layout_alignParentLeft="true" android:layout_toStartOf="@+id/iv_search" android:layout_alignParentStart="true"/>
        </LinearLayout>
    </androidx.appcompat.widget.Toolbar>
    <com.google.android.material.tabs.TabLayout android:id="@+id/tl_files" android:layout_width="match_parent" android:layout_height="wrap_content">
        <com.google.android.material.tabs.TabItem android:layout_width="wrap_content" android:layout_height="wrap_content" android:text="En Proceso"/>
        <com.google.android.material.tabs.TabItem android:layout_width="wrap_content" android:layout_height="wrap_content" android:text="Completadas"/>
    </com.google.android.material.tabs.TabLayout>
    <FrameLayout android:id="@+id/fl_files" android:layout_width="match_parent" android:layout_height="match_parent"/>
</LinearLayout>
