<?xml version="1.0" encoding="utf-8"?>
<androidx.coordinatorlayout.widget.CoordinatorLayout xmlns:android="http://schemas.android.com/apk/res/android" xmlns:app="http://schemas.android.com/apk/res-auto" xmlns:aapt="http://schemas.android.com/aapt" android:id="@+id/cl_sinopsis" android:background="@color/colorPrimary" android:fitsSystemWindows="true" android:layout_width="match_parent" android:layout_height="match_parent">
    <com.google.android.material.appbar.AppBarLayout android:theme="@style/AppTheme.AppBarOverlay" android:id="@+id/app_bar" android:fitsSystemWindows="true" android:layout_width="match_parent" android:layout_height="wrap_content" app:layout_behavior=".tools.ui.HeaderBehavior">
        <com.google.android.material.appbar.CollapsingToolbarLayout android:id="@+id/toolbar_layout" android:fitsSystemWindows="true" android:nextFocusDown="@+id/fab" android:layout_width="match_parent" android:layout_height="match_parent" android:onClick="onClick" app:contentScrim="#00000000" app:layout_scrollFlags="3" app:titleEnabled="false">
            <FrameLayout android:fitsSystemWindows="true" android:layout_width="match_parent" android:layout_height="match_parent" app:layout_collapseMode="2">
                <ImageView android:id="@+id/iv_info" android:fitsSystemWindows="true" android:layout_width="match_parent" android:layout_height="match_parent" android:scaleType="centerCrop"/>
                <include layout="@layout/view_details_header"/>
            </FrameLayout>
            <View android:background="@drawable/bg_gradient_inverted" android:fitsSystemWindows="true" android:layout_width="match_parent" android:layout_height="80dp" app:layout_collapseMode="1"/>
            <androidx.appcompat.widget.Toolbar android:id="@+id/toolbar" android:layout_width="match_parent" android:layout_height="?attr/actionBarSize" app:layout_collapseMode="1" app:popupTheme="@style/AppTheme.PopupOverlay"/>
        </com.google.android.material.appbar.CollapsingToolbarLayout>
    </com.google.android.material.appbar.AppBarLayout>
    <androidx.core.widget.NestedScrollView android:layout_width="match_parent" android:layout_height="match_parent" app:layout_behavior="@string/appbar_scrolling_view_behavior">
        <FrameLayout android:id="@+id/fl_details" android:layout_width="match_parent" android:layout_height="wrap_content">
            <AdapterViewFlipper android:id="@+id/bg_info" android:layout_width="match_parent" android:layout_height="match_parent"/>
            <View android:background="@color/v3_details_additional_overlay" android:layout_width="match_parent" android:layout_height="match_parent"/>
            <include layout="@layout/view_details_additional"/>
        </FrameLayout>
    </androidx.core.widget.NestedScrollView>
    <com.google.android.material.floatingactionbutton.FloatingActionButton android:id="@+id/fab_info" android:nextFocusDown="@+id/btn_preview" android:clickable="true" android:layout_width="wrap_content" android:layout_height="wrap_content" android:onClick="onClick" app:elevation="8dp" app:fabSize="0" app:layout_anchor="@+id/app_bar" app:layout_anchorGravity="800055" app:srcCompat="@drawable/ic_baseline_play_arrow_24" app:useCompatPadding="true"/>
</androidx.coordinatorlayout.widget.CoordinatorLayout>
