<?xml version="1.0" encoding="utf-8"?>
<androidx.coordinatorlayout.widget.CoordinatorLayout xmlns:android="http://schemas.android.com/apk/res/android" xmlns:app="http://schemas.android.com/apk/res-auto" xmlns:aapt="http://schemas.android.com/aapt" android:fitsSystemWindows="true" android:layout_width="match_parent" android:layout_height="match_parent">
    <com.google.android.material.appbar.AppBarLayout android:theme="@style/AppTheme.AppBarOverlay" android:id="@+id/appbar" android:fitsSystemWindows="true" android:layout_width="match_parent" android:layout_height="wrap_content" app:layout_behavior=".tools.ui.MainBehavior">
        <com.google.android.material.appbar.CollapsingToolbarLayout android:id="@+id/collaptool" android:fitsSystemWindows="true" android:layout_width="match_parent" android:layout_height="match_parent" app:contentScrim="@color/colorPrimary" app:layout_scrollFlags="3" app:titleEnabled="false">
            <ImageView android:id="@+id/iv_m" android:fitsSystemWindows="true" android:layout_width="match_parent" android:layout_height="match_parent" android:scaleType="centerCrop" app:layout_collapseMode="1"/>
            <LinearLayout android:orientation="vertical" android:background="@drawable/bg_gradient_inverted" android:fitsSystemWindows="true" android:layout_width="match_parent" android:layout_height="wrap_content" app:layout_collapseMode="2">
                <View android:layout_width="match_parent" android:layout_height="?attr/actionBarSize"/>
                <View android:layout_width="match_parent" android:layout_height="?attr/actionBarSize"/>
            </LinearLayout>
            <include layout="@layout/view_details_main_test"/>
            <androidx.appcompat.widget.Toolbar android:layout_gravity="top" android:id="@+id/toolbar" android:layout_width="match_parent" android:layout_height="?attr/actionBarSize" app:layout_collapseMode="1" app:popupTheme="@style/AppTheme.PopupOverlay">
                <ImageView android:layout_width="50dp" android:layout_height="match_parent" android:src="@drawable/logo"/>
                <com.google.android.material.tabs.TabLayout android:id="@+id/tl_m" android:layout_width="match_parent" android:layout_height="match_parent"/>
            </androidx.appcompat.widget.Toolbar>
        </com.google.android.material.appbar.CollapsingToolbarLayout>
    </com.google.android.material.appbar.AppBarLayout>
    <FrameLayout android:layout_width="match_parent" android:layout_height="match_parent" app:layout_behavior="@string/appbar_scrolling_view_behavior">
        <androidx.recyclerview.widget.RecyclerView android:id="@+id/rv_m" android:layout_width="match_parent" android:layout_height="wrap_content"/>
    </FrameLayout>
</androidx.coordinatorlayout.widget.CoordinatorLayout>
