<?xml version="1.0" encoding="utf-8"?>
<RelativeLayout xmlns:android="http://schemas.android.com/apk/res/android" xmlns:app="http://schemas.android.com/apk/res-auto" xmlns:aapt="http://schemas.android.com/aapt" android:id="@+id/cl_play" android:background="@color/colorAccent" android:layout_width="match_parent" android:layout_height="match_parent">
    <ImageView android:id="@+id/iv_action" android:fitsSystemWindows="false" android:layout_width="match_parent" android:layout_height="match_parent" android:scaleType="centerCrop"/>
    <View android:background="#77000000" android:layout_width="match_parent" android:layout_height="match_parent"/>
    <androidx.appcompat.widget.Toolbar android:id="@+id/toolbar" android:fitsSystemWindows="true" android:layout_width="match_parent" android:layout_height="wrap_content"/>
    <androidx.appcompat.widget.AppCompatButton android:textStyle="bold" android:textColor="@android:color/background_light" android:id="@+id/btn_play" android:paddingLeft="30dp" android:paddingRight="30dp" android:layout_width="200dp" android:layout_height="60dp" android:layout_marginBottom="133dp" android:text="Reproducir" android:drawableLeft="@drawable/ic_play_arrow_wrapper" android:layout_alignParentBottom="true" android:layout_centerHorizontal="true" android:onClick="onClick" android:drawableStart="@drawable/ic_play_arrow_wrapper" app:backgroundTint="@color/blue" app:layout_constraintBottom_toTopOf="@+id/btn_download" app:layout_constraintEnd_toEndOf="0" app:layout_constraintStart_toStartOf="0"/>
    <androidx.appcompat.widget.AppCompatButton android:textStyle="bold" android:textColor="@android:color/background_light" android:id="@+id/btn_download" android:paddingLeft="30dp" android:paddingRight="30dp" android:layout_width="200dp" android:layout_height="60dp" android:layout_marginBottom="75dp" android:text="Descargar" android:drawableLeft="@android:drawable/stat_sys_download_done" android:layout_alignParentBottom="true" android:layout_centerHorizontal="true" android:onClick="onClick" android:drawableStart="@android:drawable/stat_sys_download_done" app:backgroundTint="@color/blue" app:layout_constraintBottom_toTopOf="@+id/btn_cast" app:layout_constraintEnd_toEndOf="0" app:layout_constraintStart_toStartOf="0"/>
    <androidx.appcompat.widget.AppCompatButton android:textStyle="bold" android:textColor="@android:color/background_light" android:gravity="center" android:id="@+id/btn_cast" android:paddingLeft="30dp" android:paddingRight="30dp" android:layout_width="200dp" android:layout_height="60dp" android:layout_marginBottom="15dp" android:text="Ver en TV" android:drawableLeft="@drawable/ic_cast_wrapper" android:layout_alignParentBottom="true" android:layout_centerHorizontal="true" android:onClick="onClick" android:drawableStart="@drawable/ic_cast_wrapper" app:backgroundTint="@color/blue" app:layout_constraintBottom_toBottomOf="0" app:layout_constraintEnd_toEndOf="0" app:layout_constraintStart_toStartOf="0"/>
    <LinearLayout android:gravity="center_horizontal" android:orientation="vertical" android:layout_width="wrap_content" android:layout_height="wrap_content" android:layout_marginBottom="209dp" android:layout_alignParentBottom="true" android:layout_centerHorizontal="true">
        <LinearLayout android:orientation="horizontal" android:layout_width="wrap_content" android:layout_height="wrap_content">
            <ImageView android:id="@+id/iv_lang" android:paddingRight="5dp" android:layout_width="28dp" android:layout_height="28dp"/>
            <ImageView android:id="@+id/iv_favicon" android:paddingLeft="5dp" android:layout_width="28dp" android:layout_height="28dp"/>
        </LinearLayout>
        <FrameLayout android:id="@+id/btn_next" android:focusable="true" android:clickable="true" android:layout_width="wrap_content" android:layout_height="wrap_content" android:foreground="?attr/selectableItemBackground" android:onClick="onClick">
            <TextView android:textSize="18sp" android:textColor="@color/blue" android:layout_width="wrap_content" android:layout_height="wrap_content" android:text="Siguiente enlace"/>
        </FrameLayout>
    </LinearLayout>
    <WebView android:id="@+id/wv_action" android:visibility="invisible" android:layout_width="0dp" android:layout_height="0dp"/>
</RelativeLayout>
