<?xml version="1.0" encoding="utf-8"?>
<LinearLayout xmlns:android="http://schemas.android.com/apk/res/android" xmlns:app="http://schemas.android.com/apk/res-auto" xmlns:aapt="http://schemas.android.com/aapt" android:orientation="vertical" android:background="@color/colorPrimary" android:layout_width="match_parent" android:layout_height="match_parent">
    <RelativeLayout android:layout_width="match_parent" android:layout_height="match_parent" android:layout_weight="1">
        <FrameLayout android:layout_width="match_parent" android:layout_height="match_parent" android:layout_marginLeft="320dp" android:foreground="@drawable/bg_gradient_left" android:layout_alignParentRight="true" android:layout_marginStart="320dp" android:layout_alignParentEnd="true">
            <ImageView android:id="@+id/iv_m" android:layout_width="match_parent" android:layout_height="match_parent" android:scaleType="centerCrop"/>
        </FrameLayout>
        <LinearLayout android:layout_width="match_parent" android:layout_height="match_parent">
            <LinearLayout android:gravity="center_vertical" android:orientation="vertical" android:layout_width="match_parent" android:layout_height="match_parent" android:layout_weight="1">
                <TextView android:textSize="36sp" android:textStyle="bold" android:textColor="@android:color/white" android:id="@+id/tvt_m" android:layout_width="match_parent" android:layout_height="wrap_content" android:maxLines="2" android:textAllCaps="true"/>
                <TextView android:textSize="20sp" android:textColor="@android:color/white" android:id="@+id/tva_m" android:layout_width="wrap_content" android:layout_height="wrap_content"/>
                <TextView android:textSize="20sp" android:textColor="@android:color/white" android:id="@+id/tv_s_m" android:layout_width="wrap_content" android:layout_height="wrap_content"/>
            </LinearLayout>
            <View android:layout_width="match_parent" android:layout_height="match_parent" android:layout_weight="1"/>
        </LinearLayout>
        <com.google.android.material.tabs.TabLayout android:id="@+id/tl_m" android:layout_width="match_parent" android:layout_height="?attr/actionBarSize" android:layout_alignParentBottom="true" app:tabMode="0"/>
    </RelativeLayout>
    <androidx.recyclerview.widget.RecyclerView android:id="@+id/rv_m" android:nextFocusUp="@+id/tl_m" android:descendantFocusability="afterDescendants" android:layout_width="match_parent" android:layout_height="match_parent" android:layout_weight="1"/>
</LinearLayout>
