<?xml version="1.0" encoding="utf-8"?>
<RelativeLayout xmlns:android="http://schemas.android.com/apk/res/android" xmlns:app="http://schemas.android.com/apk/res-auto" xmlns:aapt="http://schemas.android.com/aapt" android:orientation="vertical" android:id="@+id/rl_controls" android:background="#66000000" android:layout_width="match_parent" android:layout_height="match_parent">
    <LinearLayout android:orientation="horizontal" android:layout_width="match_parent" android:layout_height="wrap_content" android:layout_alignParentTop="true">
        <LinearLayout android:layout_width="match_parent" android:layout_height="match_parent" android:layout_weight="2">
            <ImageView android:id="@+id/iv_back" android:padding="10dp" android:focusable="true" android:clickable="true" android:layout_width="wrap_content" android:layout_height="wrap_content" android:foreground="?attr/selectableItemBackground" android:onClick="onClick" app:srcCompat="@drawable/ic_arrow_back_white_wrapper"/>
        </LinearLayout>
        <LinearLayout android:layout_width="match_parent" android:layout_height="match_parent" android:layout_weight="1">
            <TextView android:textColor="@android:color/white" android:ellipsize="end" android:gravity="center" android:id="@+id/tv_title" android:layout_width="match_parent" android:layout_height="wrap_content" android:layout_marginTop="10dp" android:text="Este es un titulo" android:maxLines="1"/>
        </LinearLayout>
        <LinearLayout android:gravity="right" android:layout_width="match_parent" android:layout_height="match_parent" android:layout_weight="2">
            <ImageView android:id="@+id/iv_download" android:padding="10dp" android:focusable="true" android:clickable="true" android:layout_width="wrap_content" android:layout_height="wrap_content" android:foreground="?attr/selectableItemBackground" android:onClick="onClick" app:srcCompat="@android:drawable/stat_sys_download_done"/>
            <ImageView android:id="@+id/iv_share" android:padding="10dp" android:focusable="true" android:clickable="true" android:layout_width="wrap_content" android:layout_height="wrap_content" android:foreground="?attr/selectableItemBackground" android:onClick="onClick" app:srcCompat="@drawable/ic_baseline_share_24"/>
        </LinearLayout>
    </LinearLayout>
    <LinearLayout android:gravity="center" android:paddingLeft="30dp" android:paddingRight="30dp" android:layout_width="match_parent" android:layout_height="wrap_content" android:layout_centerInParent="true">
        <LinearLayout android:gravity="center" android:layout_width="match_parent" android:layout_height="wrap_content" android:layout_weight="1">
            <ImageButton android:id="@+id/exo_rew" android:focusable="true" android:clickable="true" android:layout_width="50dp" android:layout_height="50dp" android:foreground="?attr/selectableItemBackground" android:scaleType="centerCrop" style="@style/ExoMediaButton.Rewind"/>
        </LinearLayout>
        <LinearLayout android:gravity="center" android:layout_width="match_parent" android:layout_height="wrap_content" android:layout_weight="1">
            <ImageButton android:id="@+id/exo_play" android:focusable="true" android:clickable="true" android:layout_width="70dp" android:layout_height="70dp" android:foreground="?attr/selectableItemBackground" android:scaleType="centerCrop" style="@style/ExoMediaButton.Play"/>
            <ImageButton android:id="@+id/exo_pause" android:focusable="true" android:clickable="true" android:layout_width="70dp" android:layout_height="70dp" android:foreground="?attr/selectableItemBackground" android:scaleType="centerCrop" style="@style/ExoMediaButton.Pause"/>
        </LinearLayout>
        <LinearLayout android:gravity="center" android:layout_width="match_parent" android:layout_height="wrap_content" android:layout_weight="1">
            <ImageButton android:id="@+id/exo_ffwd" android:focusable="true" android:clickable="true" android:layout_width="50dp" android:layout_height="50dp" android:foreground="?attr/selectableItemBackground" android:scaleType="centerCrop" style="@style/ExoMediaButton.FastForward"/>
        </LinearLayout>
    </LinearLayout>
    <LinearLayout android:gravity="center" android:padding="10dp" android:layout_width="match_parent" android:layout_height="wrap_content" android:layout_alignParentBottom="true">
        <TextView android:textSize="14sp" android:textStyle="bold" android:textColor="#ffbebebe" android:id="@+id/exo_position" android:paddingLeft="4dp" android:paddingRight="4dp" android:layout_width="wrap_content" android:layout_height="wrap_content" android:includeFontPadding="false"/>
        <com.google.android.exoplayer2.ui.DefaultTimeBar android:id="@+id/exo_progress" android:focusable="true" android:clickable="true" android:layout_width="0dp" android:layout_height="26dp" android:foreground="?attr/selectableItemBackground" android:layout_weight="1" app:played_color="@color/blue" app:scrubber_color="@color/blue"/>
        <TextView android:textSize="14sp" android:textStyle="bold" android:textColor="#ffbebebe" android:id="@+id/exo_duration" android:paddingLeft="4dp" android:paddingRight="4dp" android:layout_width="wrap_content" android:layout_height="wrap_content" android:includeFontPadding="false"/>
    </LinearLayout>
</RelativeLayout>
