<?xml version="1.0" encoding="utf-8"?>
<androidx.constraintlayout.widget.ConstraintLayout xmlns:android="http://schemas.android.com/apk/res/android" xmlns:app="http://schemas.android.com/apk/res-auto" xmlns:aapt="http://schemas.android.com/aapt" android:background="#000" android:layout_width="match_parent" android:layout_height="match_parent">
    <LinearLayout android:gravity="center" android:orientation="vertical" android:layout_width="wrap_content" android:layout_height="wrap_content" app:layout_constraintBottom_toTopOf="@+id/linearLayout" app:layout_constraintLeft_toLeftOf="0" app:layout_constraintRight_toRightOf="0" app:layout_constraintTop_toTopOf="0">
        <TextView android:textStyle="bold" android:textColor="@android:color/white" android:gravity="center" android:layout_width="match_parent" android:layout_height="wrap_content" android:layout_margin="10dp" android:text="Selecciona el dispositivo que estas utilizando:"/>
        <com.google.android.material.textfield.TextInputLayout android:id="@+id/til_dispositive" android:layout_width="wrap_content" android:layout_height="wrap_content" app:errorTextColor="#f80000">
            <LinearLayout android:gravity="center" android:orientation="horizontal" android:layout_width="wrap_content" android:layout_height="wrap_content">
                <FrameLayout android:id="@+id/opt_phone" android:focusable="true" android:clickable="true" android:layout_width="wrap_content" android:layout_height="wrap_content" android:layout_marginRight="10dp" android:foreground="?attr/selectableItemBackground" android:onClick="onClick" android:layout_marginEnd="10dp">
                    <LinearLayout android:gravity="center" android:orientation="vertical" android:layout_width="match_parent" android:layout_height="wrap_content">
                        <ImageView android:layout_width="wrap_content" android:layout_height="wrap_content" app:srcCompat="@drawable/ic_baseline_mobile_android_24"/>
                        <TextView android:textStyle="bold" android:textColor="@color/grisLight" android:gravity="center" android:layout_width="wrap_content" android:layout_height="wrap_content" android:text="Smartphone, Tablet, Emulador, etc." android:ems="10"/>
                    </LinearLayout>
                </FrameLayout>
                <FrameLayout android:id="@+id/opt_tv" android:focusable="true" android:clickable="true" android:layout_width="wrap_content" android:layout_height="wrap_content" android:layout_marginLeft="10dp" android:foreground="?attr/selectableItemBackground" android:onClick="onClick" android:layout_marginStart="10dp">
                    <LinearLayout android:gravity="center" android:orientation="vertical" android:layout_width="match_parent" android:layout_height="wrap_content">
                        <ImageView android:layout_width="wrap_content" android:layout_height="wrap_content" app:srcCompat="@drawable/ic_baseline_tv_24"/>
                        <TextView android:textStyle="bold" android:textColor="@color/grisLight" android:gravity="center" android:layout_width="wrap_content" android:layout_height="wrap_content" android:text="Smart Tv, Tv Box, Fire Stick, Google TV, etc." android:ems="10"/>
                    </LinearLayout>
                </FrameLayout>
            </LinearLayout>
        </com.google.android.material.textfield.TextInputLayout>
    </LinearLayout>
    <LinearLayout android:orientation="vertical" android:id="@+id/linearLayout" android:padding="10dp" android:layout_width="match_parent" android:layout_height="wrap_content" app:layout_constraintBottom_toBottomOf="0" app:layout_constraintLeft_toLeftOf="0" app:layout_constraintRight_toRightOf="0">
        <com.google.android.material.textfield.TextInputLayout android:id="@+id/til_cb" android:layout_width="wrap_content" android:layout_height="wrap_content" app:errorTextColor="#f80000">
            <CheckBox android:enabled="false" android:textColor="@android:color/white" android:id="@+id/checkBox" android:focusable="true" android:clickable="true" android:layout_width="match_parent" android:layout_height="wrap_content" android:layout_marginTop="10dp" android:text="Estoy seguro de que este es mi dispositivo" app:buttonTint="@color/blue"/>
        </com.google.android.material.textfield.TextInputLayout>
        <Button android:textColor="@android:color/white" android:layout_gravity="end" android:id="@+id/btn_next" android:focusable="true" android:clickable="true" android:layout_width="wrap_content" android:layout_height="wrap_content" android:text="Continuar" android:onClick="onClick" app:backgroundTint="@color/blue"/>
    </LinearLayout>
</androidx.constraintlayout.widget.ConstraintLayout>
