<?xml version="1.0" encoding="utf-8"?>
<LinearLayout xmlns:android="http://schemas.android.com/apk/res/android" xmlns:app="http://schemas.android.com/apk/res-auto" xmlns:aapt="http://schemas.android.com/aapt" android:orientation="vertical" android:layout_width="match_parent" android:layout_height="wrap_content">
    <FrameLayout android:id="@+id/fl_horizontal" android:focusable="true" android:clickable="true" android:layout_width="match_parent" android:layout_height="wrap_content" android:foreground="?attr/selectableItemBackground">
        <RelativeLayout android:orientation="horizontal" android:layout_width="match_parent" android:layout_height="wrap_content">
            <TextView android:textSize="25sp" android:textColor="@android:color/white" android:id="@+id/tv_horizontal" android:paddingLeft="5dp" android:layout_width="match_parent" android:layout_height="wrap_content" android:maxLines="1" android:layout_toLeftOf="@+id/ver" android:paddingStart="5dp" android:layout_toStartOf="@+id/ver"/>
            <TextView android:textSize="12sp" android:textColor="@android:color/white" android:id="@+id/ver" android:layout_width="wrap_content" android:layout_height="wrap_content" android:text="ver más" android:layout_toLeftOf="@+id/iv_plus" android:layout_centerInParent="true" android:layout_toStartOf="@+id/iv_plus"/>
            <ImageView android:id="@+id/iv_plus" android:layout_width="wrap_content" android:layout_height="wrap_content" android:layout_marginRight="15dp" android:layout_weight="10" android:layout_alignParentRight="true" android:layout_centerInParent="true" android:layout_marginEnd="15dp" android:layout_alignParentEnd="true" app:srcCompat="@drawable/ic_add_drawable"/>
        </RelativeLayout>
    </FrameLayout>
    <androidx.recyclerview.widget.RecyclerView android:id="@+id/rv_horizontal" android:nextFocusUp="@+id/tv_horizontal" android:layout_width="match_parent" android:layout_height="wrap_content" app:layout_behavior="@string/appbar_scrolling_view_behavior"/>
</LinearLayout>
