<?xml version="1.0" encoding="utf-8"?>
<layer-list xmlns:android="http://schemas.android.com/apk/res/android" xmlns:app="http://schemas.android.com/apk/res-auto" xmlns:aapt="http://schemas.android.com/aapt">
    <item android:id="@android:id/background">
        <shape>
            <corners android:radius="5dp"/>
            <gradient android:startColor="#ff9d9e9d" android:endColor="#ff9d9e9d" android:angle="270" android:centerY="0.75" android:centerColor="#ff9d9e9d"/>
        </shape>
    </item>
    <item android:id="@android:id/secondaryProgress">
        <clip>
            <shape>
                <corners android:radius="5dp"/>
                <gradient android:startColor="#80ffb600" android:endColor="#80ffb600" android:angle="270" android:centerY="0.75" android:centerColor="#80ffb600"/>
            </shape>
        </clip>
    </item>
    <item android:id="@android:id/progress">
        <clip>
            <shape>
                <corners android:radius="5dp"/>
                <gradient android:startColor="#2196f3" android:endColor="#2196f3" android:angle="270"/>
            </shape>
        </clip>
    </item>
</layer-list>
