<?xml version="1.0" encoding="utf-8"?>
<LinearLayout xmlns:android="http://schemas.android.com/apk/res/android" xmlns:app="http://schemas.android.com/apk/res-auto" xmlns:aapt="http://schemas.android.com/aapt" android:orientation="vertical" android:paddingBottom="16dp" android:layout_width="match_parent" android:layout_height="wrap_content">
    <View android:background="@color/v3_details_additional_delimiter" android:layout_width="match_parent" android:layout_height="1dp"/>
    <LinearLayout android:gravity="center_vertical" android:layout_width="match_parent" android:layout_height="wrap_content" android:layout_marginLeft="16dp" android:layout_marginTop="32dp" android:layout_marginRight="16dp" android:layout_marginBottom="16dp">
        <ToggleButton android:id="@+id/watched" android:padding="4dp" android:visibility="gone" android:layout_width="wrap_content" android:layout_height="wrap_content" android:layout_marginRight="4dp" android:textOn="@null" android:textOff="@null" android:minWidth="0dp" android:minHeight="0dp" android:drawableLeft="@drawable/ic_visibility_selector" android:drawablePadding="0dp" android:drawableStart="@drawable/ic_visibility_selector" style="@style/Widget.AppCompat.ActionButton"/>
        <Button android:textColor="@android:color/white" android:id="@+id/btn_preview" android:nextFocusUp="@+id/fab" android:layout_width="wrap_content" android:layout_height="wrap_content" android:text="Trailer" android:drawableLeft="@drawable/ic_movie_wrapper" android:onClick="onClick" android:drawableStart="@drawable/ic_movie_wrapper" app:backgroundTint="@color/blue"/>
    </LinearLayout>
    <LinearLayout android:orientation="vertical" android:layout_width="match_parent" android:layout_height="wrap_content" android:layout_marginBottom="16dp">
        <TextView android:textColor="#ffffff" android:id="@+id/additional_description" android:paddingLeft="16dp" android:paddingRight="16dp" android:layout_width="match_parent" android:layout_height="wrap_content"/>
    </LinearLayout>
    <LinearLayout android:orientation="vertical" android:id="@+id/selector" android:layout_width="match_parent" android:layout_height="wrap_content">
        <View android:background="@color/gris" android:layout_width="match_parent" android:layout_height="1dp"/>
        <LinearLayout android:orientation="horizontal" android:id="@+id/ll_buttons" android:paddingTop="5dp" android:paddingBottom="5dp" android:visibility="gone" android:layout_width="match_parent" android:layout_height="wrap_content">
            <Button android:textColor="@android:color/white" android:id="@+id/btn_season" android:nextFocusUp="@+id/btn_preview" android:layout_width="match_parent" android:layout_height="wrap_content" android:drawableLeft="@drawable/ic_keyboard_wrapper" android:layout_weight="1" android:onClick="onClick" android:drawableStart="@drawable/ic_keyboard_wrapper" app:backgroundTint="@color/blue"/>
            <Button android:textColor="@android:color/white" android:id="@+id/btn_episode" android:nextFocusUp="@+id/btn_preview" android:layout_width="match_parent" android:layout_height="wrap_content" android:drawableLeft="@drawable/ic_keyboard_wrapper" android:layout_weight="1" android:onClick="onClick" android:drawableStart="@drawable/ic_keyboard_wrapper" app:backgroundTint="@color/grisLight"/>
        </LinearLayout>
    </LinearLayout>
</LinearLayout>
