<?xml version="1.0" encoding="utf-8"?>
<androidx.coordinatorlayout.widget.CoordinatorLayout xmlns:android="http://schemas.android.com/apk/res/android" xmlns:app="http://schemas.android.com/apk/res-auto" xmlns:aapt="http://schemas.android.com/aapt" android:fitsSystemWindows="true" android:layout_width="match_parent" android:layout_height="match_parent">
    <LinearLayout android:orientation="vertical" android:layout_width="match_parent" android:layout_height="wrap_content">
        <androidx.appcompat.widget.Toolbar android:layout_gravity="top" android:id="@+id/toolbar" android:background="@color/transparent" android:layout_width="match_parent" android:layout_height="?attr/actionBarSize" app:popupTheme="@style/AppTheme.PopupOverlay">
            <ImageView android:layout_width="50dp" android:layout_height="match_parent" android:src="@drawable/logo"/>
            <TextView android:textSize="20sp" android:textStyle="bold" android:textColor="@android:color/white" android:gravity="center_vertical" android:paddingLeft="10dp" android:layout_width="match_parent" android:layout_height="match_parent" android:text="Más" android:paddingStart="10dp"/>
        </androidx.appcompat.widget.Toolbar>
        <FrameLayout android:id="@+id/fl_support" android:focusable="true" android:clickable="true" android:layout_width="match_parent" android:layout_height="wrap_content" android:foreground="?attr/selectableItemBackground">
            <LinearLayout android:gravity="center_vertical" android:orientation="horizontal" android:paddingLeft="20dp" android:paddingRight="20dp" android:layout_width="match_parent" android:layout_height="?attr/actionBarSize" android:paddingStart="20dp" android:paddingEnd="20dp">
                <ImageView android:layout_width="wrap_content" android:layout_height="match_parent" app:srcCompat="@drawable/ic_baseline_send_24"/>
                <TextView android:textSize="20sp" android:textColor="@android:color/white" android:gravity="center_vertical" android:paddingLeft="10dp" android:layout_width="match_parent" android:layout_height="match_parent" android:text="Soporte" android:paddingStart="10dp"/>
            </LinearLayout>
            <View android:background="@color/gris" android:paddingBottom="5dp" android:layout_width="match_parent" android:layout_height="1dp"/>
        </FrameLayout>
        <FrameLayout android:id="@+id/fl_share" android:focusable="true" android:clickable="true" android:layout_width="match_parent" android:layout_height="wrap_content" android:foreground="?attr/selectableItemBackground">
            <LinearLayout android:gravity="center_vertical" android:orientation="horizontal" android:paddingLeft="20dp" android:paddingRight="20dp" android:layout_width="match_parent" android:layout_height="?attr/actionBarSize" android:paddingStart="20dp" android:paddingEnd="20dp">
                <ImageView android:layout_width="wrap_content" android:layout_height="match_parent" app:srcCompat="@drawable/ic_baseline_share_24"/>
                <TextView android:textSize="20sp" android:textColor="@android:color/white" android:gravity="center_vertical" android:paddingLeft="10dp" android:layout_width="match_parent" android:layout_height="match_parent" android:text="Compartir" android:paddingStart="10dp"/>
            </LinearLayout>
            <View android:background="@color/gris" android:paddingBottom="5dp" android:layout_width="match_parent" android:layout_height="1dp"/>
        </FrameLayout>
        <FrameLayout android:id="@+id/fl_files" android:focusable="true" android:clickable="true" android:layout_width="match_parent" android:layout_height="wrap_content" android:foreground="?attr/selectableItemBackground">
            <LinearLayout android:gravity="center_vertical" android:orientation="horizontal" android:paddingLeft="20dp" android:paddingRight="20dp" android:layout_width="match_parent" android:layout_height="?attr/actionBarSize" android:paddingStart="20dp" android:paddingEnd="20dp">
                <ImageView android:layout_width="wrap_content" android:layout_height="match_parent" android:src="@android:drawable/stat_sys_download_done" android:tint="@android:color/white"/>
                <TextView android:textSize="20sp" android:textColor="@android:color/white" android:gravity="center_vertical" android:paddingLeft="10dp" android:layout_width="match_parent" android:layout_height="match_parent" android:text="Descargas" android:paddingStart="10dp"/>
            </LinearLayout>
            <View android:background="@color/gris" android:paddingBottom="5dp" android:layout_width="match_parent" android:layout_height="1dp"/>
        </FrameLayout>
        <FrameLayout android:id="@+id/fl_settings" android:focusable="true" android:clickable="true" android:layout_width="match_parent" android:layout_height="wrap_content" android:foreground="?attr/selectableItemBackground">
            <LinearLayout android:gravity="center_vertical" android:orientation="horizontal" android:paddingLeft="20dp" android:paddingRight="20dp" android:layout_width="match_parent" android:layout_height="?attr/actionBarSize" android:paddingStart="20dp" android:paddingEnd="20dp">
                <ImageView android:layout_width="wrap_content" android:layout_height="match_parent" app:srcCompat="@drawable/ic_baseline_settings_24"/>
                <TextView android:textSize="20sp" android:textColor="@android:color/white" android:gravity="center_vertical" android:paddingLeft="10dp" android:layout_width="match_parent" android:layout_height="match_parent" android:text="Configuración" android:paddingStart="10dp"/>
            </LinearLayout>
            <View android:background="@color/gris" android:paddingBottom="5dp" android:layout_width="match_parent" android:layout_height="1dp"/>
        </FrameLayout>
    </LinearLayout>
</androidx.coordinatorlayout.widget.CoordinatorLayout>
