<?xml version="1.0" encoding="utf-8"?>
<RelativeLayout xmlns:android="http://schemas.android.com/apk/res/android" xmlns:app="http://schemas.android.com/apk/res-auto" xmlns:aapt="http://schemas.android.com/aapt" android:id="@+id/rl_root" android:background="@color/colorPrimary" android:layout_width="match_parent" android:layout_height="match_parent">
    <ImageView android:id="@+id/iv_background" android:fitsSystemWindows="false" android:layout_width="match_parent" android:layout_height="match_parent" android:scaleType="centerCrop"/>
    <View android:background="#77000000" android:layout_width="match_parent" android:layout_height="match_parent"/>
    <LinearLayout android:orientation="vertical" android:layout_width="match_parent" android:layout_height="match_parent">
        <androidx.appcompat.widget.Toolbar android:id="@+id/toolbar" android:fitsSystemWindows="true" android:layout_width="match_parent" android:layout_height="wrap_content"/>
        <TextView android:textColor="@android:color/white" android:gravity="center_horizontal" android:paddingTop="15dp" android:paddingBottom="15dp" android:layout_width="match_parent" android:layout_height="wrap_content" android:text="Selecciona Servidor"/>
        <LinearLayout android:orientation="vertical" android:layout_width="match_parent" android:layout_height="match_parent" android:layout_marginLeft="30dp" android:layout_marginRight="30dp" android:layout_marginBottom="60dp">
            <ProgressBar android:id="@+id/progressBar" android:visibility="gone" android:layout_width="match_parent" android:layout_height="wrap_content" android:indeterminate="true" style="@style/Widget.AppCompat.ProgressBar.Horizontal"/>
            <androidx.recyclerview.widget.RecyclerView android:id="@+id/rv_list" android:layout_width="match_parent" android:layout_height="match_parent"/>
        </LinearLayout>
    </LinearLayout>
</RelativeLayout>
