<?xml version="1.0" encoding="utf-8"?>
<androidx.constraintlayout.widget.ConstraintLayout xmlns:android="http://schemas.android.com/apk/res/android" xmlns:app="http://schemas.android.com/apk/res-auto" xmlns:aapt="http://schemas.android.com/aapt" android:background="#3b424242" android:layout_width="match_parent" android:layout_height="wrap_content">
    <TextView android:textSize="17sp" android:textStyle="bold" android:textColor="@android:color/white" android:id="@+id/titleTextView" android:layout_width="0dp" android:layout_height="wrap_content" android:layout_marginTop="8dp" android:layout_marginStart="8dp" android:layout_marginEnd="8dp" app:layout_constraintEnd_toEndOf="0" app:layout_constraintStart_toStartOf="0" app:layout_constraintTop_toTopOf="0"/>
    <ProgressBar android:id="@+id/progressBar" android:layout_width="0dp" android:layout_height="5dp" android:layout_marginTop="8dp" android:layout_marginBottom="8dp" android:max="100" android:progress="0" android:progressDrawable="@drawable/progress_bar" android:layout_marginStart="8dp" android:layout_marginEnd="8dp" app:layout_constraintBottom_toBottomOf="@+id/actionButton" app:layout_constraintEnd_toStartOf="@+id/actionButton" app:layout_constraintStart_toStartOf="0" app:layout_constraintTop_toTopOf="@+id/actionButton" style="@style/Widget.ProgressBar.Horizontal"/>
    <Button android:textColor="@color/blue" android:id="@+id/actionButton" android:layout_width="wrap_content" android:layout_height="wrap_content" android:layout_marginTop="8dp" android:layout_marginRight="8dp" android:text="@string/retry" android:layout_marginEnd="8dp" app:layout_constraintEnd_toEndOf="0" app:layout_constraintTop_toBottomOf="@+id/titleTextView" style="?android:attr/borderlessButtonStyle"/>
    <TextView android:id="@+id/progress_TextView" android:layout_width="wrap_content" android:layout_height="wrap_content" android:layout_marginBottom="8dp" android:layout_marginStart="8dp" android:layout_marginEnd="8dp" app:layout_constraintBottom_toTopOf="@+id/status_TextView" app:layout_constraintEnd_toStartOf="@+id/actionButton" app:layout_constraintHorizontal_bias="0" app:layout_constraintStart_toStartOf="@+id/progressBar" app:layout_constraintTop_toBottomOf="@+id/progressBar"/>
    <TextView android:id="@+id/downloadSpeedTextView" android:layout_width="wrap_content" android:layout_height="wrap_content" android:layout_marginBottom="8dp" android:layout_marginStart="8dp" android:layout_marginEnd="8dp" app:layout_constraintBottom_toTopOf="@+id/status_TextView" app:layout_constraintEnd_toEndOf="@+id/progressBar" app:layout_constraintHorizontal_bias="1" app:layout_constraintStart_toEndOf="@+id/progress_TextView" app:layout_constraintTop_toBottomOf="@+id/progressBar"/>
    <TextView android:id="@+id/remaining_TextView" android:layout_width="0dp" android:layout_height="wrap_content" android:layout_marginTop="8dp" android:layout_marginBottom="8dp" android:layout_marginStart="8dp" android:layout_marginEnd="8dp" app:layout_constraintBottom_toBottomOf="0" app:layout_constraintEnd_toStartOf="@+id/status_TextView" app:layout_constraintStart_toStartOf="0" app:layout_constraintTop_toBottomOf="@+id/progress_TextView"/>
    <TextView android:textStyle="normal|bold|italic" android:id="@+id/status_TextView" android:layout_width="0dp" android:layout_height="wrap_content" android:layout_marginTop="8dp" android:layout_marginBottom="8dp" android:layout_marginStart="8dp" android:layout_marginEnd="8dp" app:layout_constraintBottom_toBottomOf="0" app:layout_constraintEnd_toEndOf="0" app:layout_constraintStart_toEndOf="@+id/remaining_TextView" app:layout_constraintTop_toBottomOf="@+id/actionButton"/>
    <View android:background="@android:color/darker_gray" android:layout_width="0dp" android:layout_height="1dp" app:layout_constraintBottom_toBottomOf="0" app:layout_constraintEnd_toEndOf="0" app:layout_constraintStart_toStartOf="0"/>
</androidx.constraintlayout.widget.ConstraintLayout>
